654.0668791379538,1.0,0.5,0.3937815377073897
644.4464615336991,1.0,0.5,0.3943170245516714
635.4508905544648,1.0,0.5,0.39482741712883485
627.0495506834664,1.0,0.5,0.3953124276525293
605.0140591288914,1.0,0.5,0.3963863578885549
586.8754614139139,1.0,0.5,0.3972831431666331
541.9036688019215,1.0,0.5,0.39697458372816824
500.3480087700005,1.0,0.5,0.3971641507463034
355.380137699237,1.0,0.5,0.3839601642811953
244.02488786450175,1.0,0.5,0.38975170488937305
197.1503394969892,1.0,0.5,0.39576846137631333
142.35159635379677,1.0,0.5,0.3838526417982017
120.92322728233837,1.0,0.5,0.3976672889225328
117.68068593532863,1.0,0.5,0.3996820951197536
116.82418070214415,1.0,0.5,0.3996102213102656
116.037117535909,1.0,0.5,0.39985102019131796
115.4532666333726,1.0,0.5,0.39980559900732227
114.74898242467728,1.0,0.5,0.3997668425122363
113.9202859134805,1.0,0.5,0.3997240026964123
112.9474428964522,1.0,0.5,0.3996695816887065
111.81306238989708,1.0,0.5,0.39960591789608907
110.5307301926245,1.0,0.5,0.39950924438436813
109.12279199903013,1.0,0.5,0.399479932125857
107.88567774689791,1.0,0.5,0.3993517674869163
106.69828939434092,1.0,0.5,0.39957152756829817
105.87659768210946,1.0,0.5,0.3995994955053322
105.14079011098632,1.0,0.5,0.399741847814579
104.51770789749612,1.0,0.5,0.3997900251239074
103.93334195141296,1.0,0.5,0.3998030128120947
103.37178605753076,1.0,0.5,0.39980902467655033
102.81798153233848,1.0,0.5,0.39981130447872765
102.26609668458426,1.0,0.5,0.3998115677068778
101.77715696975781,1.0,0.5,0.39984601142732684
101.41174704645663,1.0,0.5,0.39988806595895326
101.12141386057192,1.0,0.5,0.3999075266859035
100.88424702190146,1.0,0.5,0.3999256491141806
100.69322524868579,1.0,0.5,0.39993853642266747
100.55074227394631,1.0,0.5,0.3999586111213812
100.44733108640182,1.0,0.5,0.3999637342433916
100.35022721461192,1.0,0.5,0.39996537217521316
100.25643129248763,1.0,0.5,0.39996357063674026
100.16014497277445,1.0,0.5,0.39996494911249675
100.06600969172109,1.0,0.5,0.399963619104395
99.9738988801526,1.0,0.5,0.3999677428809761
99.89091485812679,1.0,0.5,0.399971529808636
99.82172618097289,1.0,0.5,0.39997716396496286
99.76461867320717,1.0,0.5,0.39998045282174133
99.71383518109715,1.0,0.5,0.39998271213498165
99.66759476833829,1.0,0.5,0.39998438736417674
99.62736632512082,1.0,0.5,0.39998636009780714
111.34106369434241,2.0,0.5,0.38252535932215664
110.14272694312635,2.0,0.5,0.38386785013249725
106.933586574077,2.0,0.5,0.3875832767817741
104.2923308819637,2.0,0.5,0.39079930562336385
99.26094442455926,2.0,0.5,0.39721118859117244
97.4906247107023,2.0,0.5,0.3995706345497754
97.16362355015895,2.0,0.5,0.39994248127747795
96.89339726936487,2.0,0.5,0.3997393088989472
96.66271232213069,2.0,0.5,0.3999622164606535
96.59049189298432,2.0,0.5,0.39997310042723316
96.53991582871701,2.0,0.5,0.399983668444664
96.50000038842077,2.0,0.5,0.39998597002092534
96.46501516036001,2.0,0.5,0.3999878638649782
96.43477251539429,2.0,0.5,0.39998940499462116
96.4080628421,2.0,0.5,0.3999905782036603
96.38414269481193,2.0,0.5,0.3999914648183694
96.36278229521604,2.0,0.5,0.399992365768456
96.34330649470107,2.0,0.5,0.3999929268463858
96.32475168275096,2.0,0.5,0.39999313159686417
96.3057529212098,2.0,0.5,0.3999928524778518
96.28586577095983,2.0,0.5,0.3999925651149351
96.26503074005737,2.0,0.5,0.39999220418994563
96.24393476760261,2.0,0.5,0.39999229538261083
96.22293102296146,2.0,0.5,0.3999922928617213
96.20258441130632,2.0,0.5,0.3999926179467278
96.18332162010422,2.0,0.5,0.3999930132692899
96.16595138489465,2.0,0.5,0.3999936934414298
96.15103101849877,2.0,0.5,0.3999944481051517
96.13933319247496,2.0,0.5,0.39999446310126496
96.13340593237666,2.0,0.5,0.3999933476808032
96.14553088963675,2.0,0.5,0.3999878880592171
96.14542427261645,2.0,0.5,0.3999879188995475
96.14449331744912,2.0,0.5,0.39998806088431127
96.13632655544222,2.0,0.5,0.3999907340861809
96.11988525735546,2.0,0.5,0.39999786098716034
96.11464522206913,2.0,0.5,0.3999994904718968
96.10771179816811,2.0,0.5,0.3999974340612048
96.09916604220393,2.0,0.5,0.39999673657250756
96.09061192947779,2.0,0.5,0.3999968459231866
96.08272050677098,2.0,0.5,0.399997141084412
96.07579632385594,2.0,0.5,0.39999741644786097
96.06980950549317,2.0,0.5,0.399997647486423
96.06456612752689,2.0,0.5,0.3999977776220331
96.05983569888296,2.0,0.5,0.39999789421939147
96.0553865929524,2.0,0.5,0.399998173749896
96.05139362029523,2.0,0.5,0.3999985144919374
96.0478279577388,2.0,0.5,0.3999986952366161
96.04453260613911,2.0,0.5,0.3999988122984281
96.04148194359936,2.0,0.5,0.39999889231894775
96.03862069052833,2.0,0.5,0.3999989547486155
140.19441036856244,4.0,0.5,0.3550929028937361
135.95474486606486,4.0,0.5,0.35774893805502256
132.02739404961164,4.0,0.5,0.3603523049675062
121.75028088327083,4.0,0.5,0.36776204206585805
113.60940919955112,4.0,0.5,0.37455871779416366
97.84554545302296,4.0,0.5,0.3895278778129838
91.3440151696903,4.0,0.5,0.39736162280402365
88.4817020958541,4.0,0.5,0.3987164861406107
87.63345566422024,4.0,0.5,0.399971046456669
87.5508144089433,4.0,0.5,0.39996614511490264
87.48504616297228,4.0,0.5,0.3999752870590935
87.43344044704607,4.0,0.5,0.39997960822004913
87.38792897463176,4.0,0.5,0.39998116794747
87.34472297053645,4.0,0.5,0.3999820367221913
87.30262117169961,4.0,0.5,0.3999825871364819
87.26321446251939,4.0,0.5,0.399984202766753
87.2275362361454,4.0,0.5,0.3999858160105079
87.19426720525206,4.0,0.5,0.3999862825031066
87.16159008836325,4.0,0.5,0.39998653850104293
87.1305853584768,4.0,0.5,0.39998730219081374
87.1014427865004,4.0,0.5,0.3999881210915525
87.07551629302998,4.0,0.5,0.3999894048719211
87.05346110796526,4.0,0.5,0.39999028741432474
87.04733244980017,4.0,0.5,0.3999911193174222
87.18276419400027,4.0,0.5,0.3999980693672947
87.18280708082324,4.0,0.5,0.3999978744594789
87.18190628229782,4.0,0.5,0.39999806505286706
87.17451641245717,4.0,0.5,0.3999980303730208
87.12305794242198,4.0,0.5,0.3999980146347117
87.02580026568143,4.0,0.5,0.39999896821192393
87.01371035106706,4.0,0.5,0.39999962697348673
87.00298782949345,4.0,0.5,0.3999958348938308
86.99086686133026,4.0,0.5,0.3999936133986442
86.99301830874549,4.0,0.5,0.3999940167981246
86.99181399857761,4.0,0.5,0.39999427645484337
86.9849595640992,4.0,0.5,0.3999961209805623
86.9718155650188,4.0,0.5,0.3999985563926714
86.96513025022739,4.0,0.5,0.39999957487718424
86.9576946619223,4.0,0.5,0.39999710659022153
86.94845581924059,4.0,0.5,0.39999595439277963
86.94022496573754,4.0,0.5,0.3999964444529474
86.93443657922387,4.0,0.5,0.3999966567132221
86.9345852508473,4.0,0.5,0.39999583446092907
86.93394828714072,4.0,0.5,0.3999960240472841
86.9346287984749,4.0,0.5,0.39999618000879694
86.9234157256989,4.0,0.5,0.3999991755899933
86.91898475053296,4.0,0.5,0.39999840165075795
86.91445709652714,4.0,0.5,0.3999980278263139
86.91010204991358,4.0,0.5,0.3999981319146217
86.90619489691043,4.0,0.5,0.39999828734772647
181.85654134120608,8.0,0.5,0.33314620193251415
168.22837492036882,8.0,0.5,0.3380800090213507
156.3299572046941,8.0,0.5,0.3429523380770097
128.81265974435615,8.0,0.5,0.35635317946424133
110.46682741273503,8.0,0.5,0.36873014348174704
85.26698975692898,8.0,0.5,0.38878369308301414
78.08196069263606,8.0,0.5,0.39867189744890075
76.54430790157149,8.0,0.5,0.3991635537176028
75.95462702238329,8.0,0.5,0.39995097132398866
75.73676405777331,8.0,0.5,0.3998782162138365
75.5351323557671,8.0,0.5,0.39989858340239237
75.35808187037857,8.0,0.5,0.39989819793443393
75.23320904699011,8.0,0.5,0.3998957230579275
75.12270168793704,8.0,0.5,0.39991861515282545
74.97906159858815,8.0,0.5,0.39997039675926727
74.91930082751094,8.0,0.5,0.3999886335204819
74.83902289732526,8.0,0.5,0.3999566351459468
74.73399170629045,8.0,0.5,0.3999458431829134
74.62298610437485,8.0,0.5,0.3999441329465358
74.51603040283229,8.0,0.5,0.3999451104327592
74.44090136781284,8.0,0.5,0.3999463985178188
74.66075604509795,8.0,0.5,0.3999703874337433
74.65980810978151,8.0,0.5,0.3999710532945057
74.65426396511248,8.0,0.5,0.3999705509505242
74.60458213330196,8.0,0.5,0.3999717975669569
74.4155108593799,8.0,0.5,0.3999818729607946
74.30405826702534,8.0,0.5,0.3999972580092906
74.27758915467146,8.0,0.5,0.3999975977438513
74.22702061016062,8.0,0.5,0.39997579843844794
74.1598191749449,8.0,0.5,0.39996409941449923
74.10728676583543,8.0,0.5,0.39996727378398206
74.3588350244305,8.0,0.5,0.40001069221337987
74.23456882242584,8.0,0.5,0.4000027980195007
74.06656096899945,8.0,0.5,0.39999880533604165
74.04293357311002,8.0,0.5,0.3999995055057846
74.01278108352234,8.0,0.5,0.3999840390735982
74.07925340188633,8.0,0.5,0.39999069541297694
74.02999656002748,8.0,0.5,0.3999934518333358
73.98635885471042,8.0,0.5,0.3999985537138903
73.9690825872119,8.0,0.5,0.39999851845350254
73.96552497885338,8.0,0.5,0.3999877789616918
74.02201045011829,8.0,0.5,0.40002832730353516
73.91096749168508,8.0,0.5,0.4000033109023771
73.91136658323481,8.0,0.5,0.4000025612332609
73.9129476255583,8.0,0.5,0.39999968719861617
73.88334979558272,8.0,0.5,0.3999881964903521
73.83978006400827,8.0,0.5,0.3999758241907973
73.9243746950007,8.0,0.5,0.3999990362904983
73.91116297038289,8.0,0.5,0.3999989291965033
73.85058906322291,8.0,0.5,0.3999988962375453
175.71472226907167,16.0,0.5,0.33563588879937717
153.25024323496297,16.0,0.5,0.34610429933915554
135.78289874849446,16.0,0.5,0.3558844663889116
122.15588479386862,16.0,0.5,0.3648679664798247
98.46355052040394,16.0,0.5,0.38385375987223225
87.79804445616317,16.0,0.5,0.3949673016927199
82.07398159048444,16.0,0.5,0.397996566116971
80.19224053682606,16.0,0.5,0.3997518893295754
78.19263108867617,16.0,0.5,0.3990233408363029
75.68223396225795,16.0,0.5,0.3988901480706442
73.36212125093267,16.0,0.5,0.3990384521355118
71.56931604924674,16.0,0.5,0.3991193759690875
73.83031523316427,16.0,0.5,0.3996299396825363
73.82758070712265,16.0,0.5,0.3996299780988684
73.80036522237292,16.0,0.5,0.39963044905714756
73.5449709214653,16.0,0.5,0.39963529663132963
72.01272048882137,16.0,0.5,0.3996950738221995
70.52676441589722,16.0,0.5,0.3999324285477562
69.72118853991427,16.0,0.5,0.39943341104177005
69.94186517446126,16.0,0.5,0.3997755420358438
68.77696301529127,16.0,0.5,0.3999336042554478
68.01256442660974,16.0,0.5,0.39956859274118456
67.21982982764729,16.0,0.5,0.39946244366241684
67.92938778904289,16.0,0.5,0.39953324819842845
66.63239848960436,16.0,0.5,0.3998246626870627
66.15778354017766,16.0,0.5,0.3999158085837774
65.90146666690458,16.0,0.5,0.399951410044661
65.51223152432692,16.0,0.5,0.3997446943463535
65.1913601804188,16.0,0.5,0.3996906043505977
66.42157177277606,16.0,0.5,0.3999694758164452
64.88901832684016,16.0,0.5,0.39995701617653895
64.71415885455143,16.0,0.5,0.3999798947198859
64.54921074093646,16.0,0.5,0.39989897121743095
65.06428914362046,16.0,0.5,0.39987859603210574
64.71343886305984,16.0,0.5,0.3999068582444186
64.42033994391934,16.0,0.5,0.39998040028838855
64.37950878834734,16.0,0.5,0.3999303693799398
64.49009820752372,16.0,0.5,0.3999751376670052
64.19232747468808,16.0,0.5,0.3999926872901761
64.0891448751546,16.0,0.5,0.39994841417653676
63.992374936904014,16.0,0.5,0.39990297176743306
64.84065764983625,16.0,0.5,0.40004834216374563
63.9422253237875,16.0,0.5,0.3999975145681767
63.84089590958204,16.0,0.5,0.39999818132690346
63.8219057583687,16.0,0.5,0.3999984118685657
63.74923121391731,16.0,0.5,0.39996904822989526
63.66252336467434,16.0,0.5,0.39993123832789906
65.59832081901848,16.0,0.5,0.40015976007743476
63.863244570227366,16.0,0.5,0.4000179180370592
63.5720215805016,16.0,0.5,0.40000014062092554
113.40558107203488,32.0,0.5,0.35180588927732703
93.3221157053049,32.0,0.5,0.367987186413582
80.85213562180074,32.0,0.5,0.3808710065980767
73.28800391842589,32.0,0.5,0.3902628803888108
66.68803806002595,32.0,0.5,0.39818143377753823
65.2897302571154,32.0,0.5,0.39970484764508946
63.87657093985615,32.0,0.5,0.39871484145132186
62.245396945285194,32.0,0.5,0.3992543030053819
60.97955206277069,32.0,0.5,0.3971262078563056
61.80540069424567,32.0,0.5,0.399452111805419
59.06739348729248,32.0,0.5,0.3999273313142456
58.38499918999115,32.0,0.5,0.3996191056675914
58.06209152847036,32.0,0.5,0.3993741517531921
67.13844240746965,32.0,0.5,0.400198086245591
57.32028940668733,32.0,0.5,0.39998389244278487
57.195437488578676,32.0,0.5,0.3999946155335551
56.86801129111478,32.0,0.5,0.39981934056491414
56.948144922375,32.0,0.5,0.3996001641658472
56.68559956021579,32.0,0.5,0.39981661864508944
57.540422382081616,32.0,0.5,0.4000310521094429
56.33045262580958,32.0,0.5,0.39999771207083995
56.04237215978533,32.0,0.5,0.3998560946638621
55.61143900544615,32.0,0.5,0.3996415523494005
56.51622164370932,32.0,0.5,0.3998186907177573
56.325884341994694,32.0,0.5,0.39983961482211866
55.691604579478366,32.0,0.5,0.3999189158998965
55.396933214937405,32.0,0.5,0.39998944573056777
57.571794012288095,32.0,0.5,0.39990731732878654
55.407181585981675,32.0,0.5,0.3999923135368201
55.31170306942263,32.0,0.5,0.3999985190655285
55.13872543809274,32.0,0.5,0.39989300431855584
56.38668873028749,32.0,0.5,0.39992886144094275
54.936100613587556,32.0,0.5,0.3999948984778837
54.720568156245236,32.0,0.5,0.39988402860623756
57.298715205736485,32.0,0.5,0.39963904665260375
55.43480496968778,32.0,0.5,0.3998138050698073
54.5862996951941,32.0,0.5,0.3999864182924771
54.51180403148624,32.0,0.5,0.399994869078761
54.31237646744992,32.0,0.5,0.39983098867150463
70.1353413643395,32.0,0.5,0.4011172679678587
58.62230546232248,32.0,0.5,0.4002627832458476
54.24332346707789,32.0,0.5,0.40000158747710685
54.16495934368998,32.0,0.5,0.3999991247145366
53.98770192445614,32.0,0.5,0.3999283511761197
53.795423933552215,32.0,0.5,0.39980643661274706
60.40719379695909,32.0,0.5,0.4003383223473339
54.21584151327338,32.0,0.5,0.40004378526012474
53.639400184865906,32.0,0.5,0.4000022630477917
53.64116780034928,32.0,0.5,0.3999997759472877
53.50745615058033,32.0,0.5,0.39993719324713506
70.75951676719177,64.0,0.5,0.3814268089151429
62.26098961626139,64.0,0.5,0.3937611029613351
59.148985491883,64.0,0.5,0.3988407851485658
58.47865938538648,64.0,0.5,0.399885485035348
58.076334659496474,64.0,0.5,0.39955381563231224
56.03774844567987,64.0,0.5,0.396778229035669
53.81423154199741,64.0,0.5,0.39852451031740876
53.049086312654914,64.0,0.5,0.3994774480867579
52.56805325108342,64.0,0.5,0.39988559969605525
52.22009858742503,64.0,0.5,0.39966852192947316
52.793328256030996,64.0,0.5,0.39961076444338756
51.972573991072174,64.0,0.5,0.39997376082816843
51.83963935129178,64.0,0.5,0.39978216540021844
53.82793793937868,64.0,0.5,0.39956870645178694
51.5359174816398,64.0,0.5,0.3999781259488232
51.321469095691896,64.0,0.5,0.3998864234999065
57.2801854029681,64.0,0.5,0.3983749798646523
52.81707053739834,64.0,0.5,0.3995001851407263
51.14830814384092,64.0,0.5,0.3999790421445356
51.06173499535366,64.0,0.5,0.39999331029338275
50.7039384770651,64.0,0.5,0.39980032857540043
51.684485109408264,64.0,0.5,0.3994001178411494
50.63928188680622,64.0,0.5,0.3997515181893191
52.21358332098747,64.0,0.5,0.39937192163179175
50.084864801968244,64.0,0.5,0.39995124888331046
50.01130190227885,64.0,0.5,0.3999963410941437
49.67509656309834,64.0,0.5,0.3998229433769713
49.650828978227075,64.0,0.5,0.3993024481017099
79.0368854054673,64.0,0.5,0.39742348467602523
48.905701402774994,64.0,0.5,0.3998665043718816
48.733684081889216,64.0,0.5,0.3999878815221273
48.48431481747685,64.0,0.5,0.39972127116228584
49.79059033651036,64.0,0.5,0.3994552162418775
48.24061188398822,64.0,0.5,0.3999776476499511
48.846078405944425,64.0,0.5,0.3997396052071795
48.115598699132065,64.0,0.5,0.3999811912988364
50.01386759937105,64.0,0.5,0.39928309754845653
48.00065684463457,64.0,0.5,0.3999581081029487
47.88869047727286,64.0,0.5,0.39996600383934927
47.75649607185336,64.0,0.5,0.399983836408177
47.68415192229587,64.0,0.5,0.3999952011284703
47.323235028579944,64.0,0.5,0.3998125243884679
47.448466170221735,64.0,0.5,0.3992626784795475
47.052696074279226,64.0,0.5,0.39977879147158185
57.387524233265324,64.0,0.5,0.3985129770150738
46.82824226257506,64.0,0.5,0.3999701101037602
46.75429595075668,64.0,0.5,0.39999569921397005
46.521193791897005,64.0,0.5,0.3999137486147616
57.83351761632008,64.0,0.5,0.39848554668839353
47.79117630904902,64.0,0.5,0.39976334604985025
50.62510902731554,128.0,0.5,0.4026054804357587
52.00671993738618,128.0,0.5,0.3997760338647954
51.83009811733122,128.0,0.5,0.39989804456147643
51.72150866230484,128.0,0.5,0.3999032629701799
51.219758011631654,128.0,0.5,0.3991428775304292
50.37517563090839,128.0,0.5,0.39934312737277483
49.06047090010899,128.0,0.5,0.39513541010113173
57.98946208936456,128.0,0.5,0.3969416346257968
46.80459937925036,128.0,0.5,0.39976778989776146
46.543421669241916,128.0,0.5,0.3999744459291659
46.020361353553895,128.0,0.5,0.39972138386542794
45.93569914929624,128.0,0.5,0.3991572291263524
67.96983201401528,128.0,0.5,0.3933923562212991
45.08375461091937,128.0,0.5,0.39987420301321724
44.89217715972782,128.0,0.5,0.3999856093540973
44.78028041409074,128.0,0.5,0.3996245093897236
45.5823968153159,128.0,0.5,0.3994890207685816
44.40345938714316,128.0,0.5,0.399961282139215
44.32090556407822,128.0,0.5,0.3999964806325403
43.958103130054596,128.0,0.5,0.3998357500905491
44.93087124633036,128.0,0.5,0.39872682542240456
43.791127942259905,128.0,0.5,0.3997336337694866
49.23465721481786,128.0,0.5,0.3991704809209675
43.45220035646548,128.0,0.5,0.3999763647940933
44.204135939480054,128.0,0.5,0.399764834639646
43.354526194591486,128.0,0.5,0.3999884416842055
43.36125150566382,128.0,0.5,0.3996816535762218
43.1879283645865,128.0,0.5,0.3999306129853291
63.14266132868877,128.0,0.5,0.39713534401701533
43.47736769283947,128.0,0.5,0.39973784021736763
43.042892106794035,128.0,0.5,0.3999728603721893
42.7095688429202,128.0,0.5,0.3997315183706684
76.40882480894882,128.0,0.5,0.3947235612503227
46.60242747561968,128.0,0.5,0.39838298337234157
42.50347999492877,128.0,0.5,0.3999388369965732
42.41967187067303,128.0,0.5,0.39999203687042656
42.111059338666664,128.0,0.5,0.39979535389594634
46.94952815045524,128.0,0.5,0.39800516287481313
42.67922723076593,128.0,0.5,0.3995572005607749
41.97374018743791,128.0,0.5,0.39997252935566635
42.73358276023913,128.0,0.5,0.3991023177944959
41.84644148553969,128.0,0.5,0.3999420064495825
42.81410950746978,128.0,0.5,0.3991466298194364
41.65345537640974,128.0,0.5,0.3999240081807526
42.056552439309414,128.0,0.5,0.3989922631966328
41.398314003794475,128.0,0.5,0.3998513165769079
42.709205406975556,128.0,0.5,0.3983976949190535
41.16478614363223,128.0,0.5,0.39973746509905805
40.97894727320455,128.0,0.5,0.39973025018082187
40.753312828056586,128.0,0.5,0.3998698401037733
35.49435401753576,256.0,0.5,0.4088014855449623
38.261590839483695,256.0,0.5,0.3988252437057701
37.83663718609683,256.0,0.5,0.39976811395298856
37.72560531966329,256.0,0.5,0.3999131108847765
37.53681699069521,256.0,0.5,0.3993396855412565
37.252222780995154,256.0,0.5,0.3997309247815825
37.1033432724047,256.0,0.5,0.399915709421711
36.793464828542454,256.0,0.5,0.3994727995610075
37.673576396654056,256.0,0.5,0.3991437593835534
36.617137825689376,256.0,0.5,0.39997289693102395
36.581908211947976,256.0,0.5,0.3999937713671579
36.418138450509744,256.0,0.5,0.39991872500930675
44.27158022508257,256.0,0.5,0.39785144211681717
36.880979731035026,256.0,0.5,0.3996629496954148
36.361766763139755,256.0,0.5,0.39998810734323575
36.41741101411821,256.0,0.5,0.3997334670444525
36.28948978645148,256.0,0.5,0.39995667153975006
56.972213372474414,256.0,0.5,0.3962836621364475
36.53184253928059,256.0,0.5,0.39970208082219505
36.21711962836781,256.0,0.5,0.3999763367667249
36.01450913941147,256.0,0.5,0.3998624451407712
35.90710208064122,256.0,0.5,0.3993417219662552
53.41227714412049,256.0,0.5,0.3964219118225632
35.631917369281794,256.0,0.5,0.39974640936048816
35.514268894055846,256.0,0.5,0.3999399391990523
35.479528663385864,256.0,0.5,0.3999945822150194
35.3794919036573,256.0,0.5,0.39992362154405475
43.20919968439729,256.0,0.5,0.3945735516656037
36.14825279644411,256.0,0.5,0.39925194584836193
35.33233515835418,256.0,0.5,0.3999827038682376
35.3050526508713,256.0,0.5,0.3999940792402001
35.177402942405834,256.0,0.5,0.3998975601950118
276.3814091478244,256.0,0.5,0.39159032942371524
43.15987480113919,256.0,0.5,0.39700880490128704
35.127709884453665,256.0,0.5,0.3999012297157626
35.05882667966602,256.0,0.5,0.39998142687116756
34.895898055225125,256.0,0.5,0.399902405932797
45.08085501628862,256.0,0.5,0.3930235527130882
35.45464542578274,256.0,0.5,0.3993504117881083
34.83149479524066,256.0,0.5,0.39997580041854236
35.13298062603825,256.0,0.5,0.39931571185329445
34.74972229496637,256.0,0.5,0.3999439115812689
37.508222211516525,256.0,0.5,0.39731820921664895
34.66796557044747,256.0,0.5,0.39989615208050716
34.572194683867636,256.0,0.5,0.3998695075107831
34.48131102655789,256.0,0.5,0.3999697484636939
34.38550929040893,256.0,0.5,0.39953337865242605
38.40480002059309,256.0,0.5,0.394306972304299
34.11884788978214,256.0,0.5,0.39984502103625247
34.06318812839554,256.0,0.5,0.39999717068964996
29.21938003502965,512.0,0.5,0.4089418865022064
30.80812141757207,512.0,0.5,0.3990446239968495
30.628401464475175,512.0,0.5,0.3999268719027939
30.609643125864697,512.0,0.5,0.39998340375770775
30.570300931673682,512.0,0.5,0.39986073807270944
30.52774128890816,512.0,0.5,0.3999137006181043
30.503615685402135,512.0,0.5,0.39993029598493746
30.480511885101173,512.0,0.5,0.39996269169600535
30.465153126300343,512.0,0.5,0.39999032783012717
30.407101878495638,512.0,0.5,0.39992123297102233
30.31491429637406,512.0,0.5,0.39965691163930045
522.414751179544,512.0,0.5,0.39235535051697806
31.924094813344777,512.0,0.5,0.3985751997948609
30.216915777550767,512.0,0.5,0.3999777498595433
30.66259112748421,512.0,0.5,0.3995275649209081
30.198704413828253,512.0,0.5,0.39999193047999315
30.167691544181707,512.0,0.5,0.3999438731501464
30.58536826938014,512.0,0.5,0.3992291175814525
30.13275169393602,512.0,0.5,0.39997159124365383
30.121013200790827,512.0,0.5,0.39999941037486825
30.064791706029272,512.0,0.5,0.3999588384158467
33.92412922712893,512.0,0.5,0.3941848037028731
30.376480320209872,512.0,0.5,0.39938676453003313
30.041553526385776,512.0,0.5,0.39998073877039453
30.023275485012118,512.0,0.5,0.399993478432259
29.941100279682225,512.0,0.5,0.39987982315138165
1042.7251725893357,512.0,0.5,0.3985666296107638
59.95869925503636,512.0,0.5,0.39463399676730015
29.93178441190323,512.0,0.5,0.3998289083202315
29.86037753854751,512.0,0.5,0.3999497675189386
29.84318037752988,512.0,0.5,0.39999943348297734
29.752117084881778,512.0,0.5,0.3999573622127314
32.45142360333288,512.0,0.5,0.39527639012578175
29.832744198411262,512.0,0.5,0.39964699432973433
29.71564438083648,512.0,0.5,0.39996637749419933
34.42031962339213,512.0,0.5,0.3970219242724543
29.688398426029945,512.0,0.5,0.3999058837386437
29.64974544045309,512.0,0.5,0.3998815280685261
29.59965916783561,512.0,0.5,0.3999794547630066
29.440373324181436,512.0,0.5,0.39989529831718523
993.5529303434955,512.0,0.5,0.37775930553474485
30.35696926281778,512.0,0.5,0.3980308192782722
29.391599548211264,512.0,0.5,0.39995948029096456
29.35326879074219,512.0,0.5,0.3999800149375627
29.450838366100253,512.0,0.5,0.3992824616570918
29.282788475978894,512.0,0.5,0.3999106750934679
1172.570262132947,512.0,0.5,0.3997309269789731
31.576368245977875,512.0,0.5,0.3979579659819557
29.227756610927987,512.0,0.5,0.3999705336540897
29.349971574918783,512.0,0.5,0.3996235281656337
