0.0003961080960691642,1.0,0.5,0.39216155139542286
0.00039610761400044536,1.0,0.5,0.3921616106602021
0.00039610279339780596,1.0,0.5,0.3921622033037287
0.0003960333942307872,1.0,0.5,0.392170736692322
0.00039503743880087725,1.0,0.5,0.3922934964224081
0.00038133013060824474,1.0,0.5,0.3940398875338404
0.0002921462765512468,1.0,0.5,0.399321716520244
0.00025428588005641764,1.0,0.5,0.39969141930631435
0.00022263559305996694,1.0,0.5,0.3996926913029765
0.00019456977406859076,1.0,0.5,0.39966623342885993
0.00017030537656531183,1.0,0.5,0.39964103760905223
0.00015015099298666635,1.0,0.5,0.3996245745621577
0.00013442202761128902,1.0,0.5,0.3996372149122655
0.00012323950958033686,1.0,0.5,0.39969782282259264
0.00011581967956879789,1.0,0.5,0.3997878675763169
0.00011068866561606623,1.0,0.5,0.3998626919994176
0.00010661528147315976,1.0,0.5,0.3999096170363104
0.0001029562484434678,1.0,0.5,0.3999375453539084
9.934084296957586e-5,1.0,0.5,0.39996462625072454
9.635810660453075e-5,1.0,0.5,0.399964544933419
9.42419597937768e-5,1.0,0.5,0.3999607768968898
9.272619503244335e-5,1.0,0.5,0.3999590041846329
9.174748939876548e-5,1.0,0.5,0.399965871629209
9.085701829812669e-5,1.0,0.5,0.39996873876728667
8.97283077373272e-5,1.0,0.5,0.3999614091707325
8.824620864144968e-5,1.0,0.5,0.3999554799687729
8.646899352166414e-5,1.0,0.5,0.399948943142881
8.471773235178528e-5,1.0,0.5,0.39995036063230943
8.334389820929347e-5,1.0,0.5,0.3999421318796916
8.225324417133033e-5,1.0,0.5,0.399960639882222
8.137904296497661e-5,1.0,0.5,0.3999584088487724
8.06188848949449e-5,1.0,0.5,0.39997046622624355
7.992965611824705e-5,1.0,0.5,0.39997361323373337
7.929549224338268e-5,1.0,0.5,0.399978653367305
7.873820695076633e-5,1.0,0.5,0.3999780875159939
7.821709991399011e-5,1.0,0.5,0.39997987676788727
7.769277764332533e-5,1.0,0.5,0.3999811817726599
7.7103746938246e-5,1.0,0.5,0.3999829724754451
7.631567275725906e-5,1.0,0.5,0.3999905968542907
7.533562634293884e-5,1.0,0.5,0.39998909272712146
7.445698702658883e-5,1.0,0.5,0.3999769968106274
7.369099887006626e-5,1.0,0.5,0.3999736162830315
7.293405276738011e-5,1.0,0.5,0.3999780692459962
7.219391612655395e-5,1.0,0.5,0.3999744701237226
7.151825004175877e-5,1.0,0.5,0.39997112651111144
7.090583333766115e-5,1.0,0.5,0.39997154204360147
7.040275208100862e-5,1.0,0.5,0.39997455190616943
6.995509056184824e-5,1.0,0.5,0.39997671284513875
6.954160215177529e-5,1.0,0.5,0.39997831072521983
6.91540367366207e-5,1.0,0.5,0.3999793966867876
6.565305128288578e-5,2.0,0.5,0.39586079252632755
6.56530504623101e-5,2.0,0.5,0.39586079537818314
5.897761066593393e-5,4.0,0.5,0.38782601141930817
5.8977608818458966e-5,4.0,0.5,0.3878260158830642
5.569322114513371e-5,8.0,0.5,0.38281963842436023
5.569320081924652e-5,8.0,0.5,0.3828196507641928
5.569299756345592e-5,8.0,0.5,0.382819774162247
5.569007135081238e-5,8.0,0.5,0.38282155104953625
5.564806812915173e-5,8.0,0.5,0.38284713060696907
5.50693623684274e-5,8.0,0.5,0.38321417113815004
5.455794457987794e-5,8.0,0.5,0.38356647086887485
5.008300205807355e-5,8.0,0.5,0.3884063228924176
4.8705617336158716e-5,8.0,0.5,0.3914274595492329
4.7570090468877026e-5,8.0,0.5,0.39495373707819353
4.6583949710360793e-5,8.0,0.5,0.39909086336156496
4.631529238823428e-5,8.0,0.5,0.3999945480200016
4.62412377561269e-5,8.0,0.5,0.3999968549650947
4.616852114396198e-5,8.0,0.5,0.399996637002992
4.6095648693257935e-5,8.0,0.5,0.3999956282515081
4.602200334579182e-5,8.0,0.5,0.39999444439216336
4.5943862635021e-5,8.0,0.5,0.3999928636491917
4.585798944307693e-5,8.0,0.5,0.3999907565703326
4.576367470907237e-5,8.0,0.5,0.3999884876173315
4.565954047934393e-5,8.0,0.5,0.3999863538447573
4.55440092348718e-5,8.0,0.5,0.39998481880404646
4.542010821844955e-5,8.0,0.5,0.3999860771662312
4.529027062233187e-5,8.0,0.5,0.3999889032111029
4.515074194160508e-5,8.0,0.5,0.3999915792092278
4.5013208232085327e-5,8.0,0.5,0.3999945961449644
4.488449527609541e-5,8.0,0.5,0.3999958049104909
4.476355152851465e-5,8.0,0.5,0.39999586395426495
4.465665899711082e-5,8.0,0.5,0.39999545834548916
4.4565823358499555e-5,8.0,0.5,0.39999594813486933
4.448809432586553e-5,8.0,0.5,0.39999561151474
4.4419976673299374e-5,8.0,0.5,0.39999558335253615
4.436024234645317e-5,8.0,0.5,0.3999956244780989
4.4307763933140055e-5,8.0,0.5,0.3999958611340108
4.4261244424504266e-5,8.0,0.5,0.39999621610128794
4.422017397569006e-5,8.0,0.5,0.39999636498740987
4.4183228279107504e-5,8.0,0.5,0.39999657598150745
4.415015451477392e-5,8.0,0.5,0.3999967541671978
4.412025169191997e-5,8.0,0.5,0.3999969241792622
4.409314826071981e-5,8.0,0.5,0.39999713364685185
4.4068274079226287e-5,8.0,0.5,0.39999734577207163
4.404548847311012e-5,8.0,0.5,0.3999975203610322
4.402474752887869e-5,8.0,0.5,0.3999977202541839
4.4005746888109434e-5,8.0,0.5,0.3999979156636833
4.398844150628865e-5,8.0,0.5,0.3999980964079441
4.397252875507214e-5,8.0,0.5,0.3999982212668792
4.395771882104643e-5,8.0,0.5,0.3999983387640105
4.3943955325396314e-5,8.0,0.5,0.39999843108745475
4.393119298438174e-5,8.0,0.5,0.39999854170122756
4.391941221834912e-5,8.0,0.5,0.399998671890323
4.390846507723932e-5,8.0,0.5,0.3999987532925942
3.996893135848886e-5,16.0,0.5,0.4053950617098533
3.9969895543244565e-5,16.0,0.5,0.4053825459655858
3.997954506186453e-5,16.0,0.5,0.405257440519602
4.0120149837124007e-5,16.0,0.5,0.40346543609394614
4.043725359008839e-5,16.0,0.5,0.39962862660128806
4.043388651174858e-5,16.0,0.5,0.39966779369474476
4.04159407329615e-5,16.0,0.5,0.3998798331910471
4.0405449940686695e-5,16.0,0.5,0.3999999182744243
4.040459510665757e-5,16.0,0.5,0.3999999927975855
4.040377876224533e-5,16.0,0.5,0.3999999922274268
4.040265405759821e-5,16.0,0.5,0.39999998708254153
4.040118388245731e-5,16.0,0.5,0.3999999795454453
4.0399278674040025e-5,16.0,0.5,0.3999999611528184
4.039667006439999e-5,16.0,0.5,0.39999993023248026
4.039318414736635e-5,16.0,0.5,0.39999988843964107
4.0389275521943973e-5,16.0,0.5,0.3999998639952818
4.038462502930919e-5,16.0,0.5,0.39999981658695755
4.03787985621452e-5,16.0,0.5,0.3999997434501883
4.03709818331386e-5,16.0,0.5,0.399999612997366
4.036034889850681e-5,16.0,0.5,0.3999994202885306
4.034610423099977e-5,16.0,0.5,0.3999992897146504
4.0328119022245575e-5,16.0,0.5,0.39999923614950883
4.030804734265315e-5,16.0,0.5,0.39999937512392414
4.028702842280338e-5,16.0,0.5,0.3999993142753127
4.0264907104543816e-5,16.0,0.5,0.3999988303804767
4.024314188573681e-5,16.0,0.5,0.3999985154476559
4.022376016150244e-5,16.0,0.5,0.3999984754884645
4.0206391873173614e-5,16.0,0.5,0.39999831407605957
4.019078652478411e-5,16.0,0.5,0.3999982914074474
4.0176599671736865e-5,16.0,0.5,0.39999825324386235
4.016363369191802e-5,16.0,0.5,0.399998228430461
4.0151606058374224e-5,16.0,0.5,0.399998207163936
4.0140368967302924e-5,16.0,0.5,0.3999982207498423
4.012985858723473e-5,16.0,0.5,0.3999982576940262
4.012011016319412e-5,16.0,0.5,0.39999833171487276
4.011099523897543e-5,16.0,0.5,0.39999839707112894
4.010236809806703e-5,16.0,0.5,0.3999984428768284
4.009425604968165e-5,16.0,0.5,0.39999853187295253
4.0086583827575825e-5,16.0,0.5,0.39999860519708574
4.007923149816191e-5,16.0,0.5,0.39999863996004026
4.0072269789956846e-5,16.0,0.5,0.3999986945787661
4.006555219026611e-5,16.0,0.5,0.3999987361596635
4.005913462290531e-5,16.0,0.5,0.39999883718498985
4.005297270518646e-5,16.0,0.5,0.3999989117883598
4.004699798045788e-5,16.0,0.5,0.3999989418393113
4.004125343671551e-5,16.0,0.5,0.3999989851592583
4.003574550124048e-5,16.0,0.5,0.39999903035547996
4.003038651078435e-5,16.0,0.5,0.39999905711305517
4.0025204789456494e-5,16.0,0.5,0.3999991084717566
4.0020167037830914e-5,16.0,0.5,0.39999914319706154
3.837441411442609e-5,32.0,0.5,0.40267287537485463
3.837524266114813e-5,32.0,0.5,0.4026604999901295
3.838352945820826e-5,32.0,0.5,0.4025368461229664
3.850396921713649e-5,32.0,0.5,0.400764576170478
3.855801293165662e-5,32.0,0.5,0.3999837140948778
3.855684391612473e-5,32.0,0.5,0.39999999781826
3.855661042566727e-5,32.0,0.5,0.3999999980286912
3.855638260300945e-5,32.0,0.5,0.3999999978026999
3.8556061378048235e-5,32.0,0.5,0.39999999586092133
3.8555600334441155e-5,32.0,0.5,0.39999999234805855
3.855493917587276e-5,32.0,0.5,0.3999999850213383
3.855399251671601e-5,32.0,0.5,0.39999997111138513
3.8552640122717046e-5,32.0,0.5,0.39999994605715944
3.8550749342786906e-5,32.0,0.5,0.39999990126126894
3.8548373370834193e-5,32.0,0.5,0.3999998587684759
3.854549421595509e-5,32.0,0.5,0.399999784273383
3.854170790079568e-5,32.0,0.5,0.3999996420580862
3.853657750078467e-5,32.0,0.5,0.3999993715129659
3.852961875346038e-5,32.0,0.5,0.3999988789467192
3.8520348291319034e-5,32.0,0.5,0.39999803474318607
3.850854097772025e-5,32.0,0.5,0.399996866744686
3.8494545582967755e-5,32.0,0.5,0.39999581197078177
3.848048115432212e-5,32.0,0.5,0.3999964197882227
3.846703756096941e-5,32.0,0.5,0.39999735845584106
3.845330213490457e-5,32.0,0.5,0.39999767241640577
3.843945338678456e-5,32.0,0.5,0.39999700745823025
3.842631136860078e-5,32.0,0.5,0.3999964338246143
3.84148556570092e-5,32.0,0.5,0.3999975820423514
3.840491963660209e-5,32.0,0.5,0.399997692397178
3.839567118068302e-5,32.0,0.5,0.3999969967145894
3.8386849209411275e-5,32.0,0.5,0.3999961340851641
3.83787253508559e-5,32.0,0.5,0.3999962276376667
3.837154374406838e-5,32.0,0.5,0.3999975001256637
3.836511877751906e-5,32.0,0.5,0.39999833226722736
3.835912811772463e-5,32.0,0.5,0.3999985583789743
3.8353459284374655e-5,32.0,0.5,0.3999985157903918
3.8347976967582426e-5,32.0,0.5,0.39999839703111784
3.834271015667189e-5,32.0,0.5,0.39999837357999524
3.833774539640241e-5,32.0,0.5,0.39999865681781976
3.833309556854642e-5,32.0,0.5,0.39999898729092187
3.8328702515307364e-5,32.0,0.5,0.39999922894346085
3.832449918910094e-5,32.0,0.5,0.39999936839099554
3.832043270175501e-5,32.0,0.5,0.399999435356301
3.831650275314213e-5,32.0,0.5,0.399999478360009
3.831270563665485e-5,32.0,0.5,0.3999994942500012
3.8309020497331116e-5,32.0,0.5,0.3999995097484749
3.830546713582582e-5,32.0,0.5,0.3999995228438394
3.830203396290031e-5,32.0,0.5,0.3999995031421258
3.82986681780367e-5,32.0,0.5,0.3999995276427806
3.829537093453412e-5,32.0,0.5,0.39999954565545337
3.760207406958977e-5,64.0,0.5,0.4004717241931242
3.760278062448861e-5,64.0,0.5,0.40046033345186116
3.760981471129844e-5,64.0,0.5,0.4003471236227271
3.763463652902312e-5,64.0,0.5,0.39995034223267995
3.7634526002998915e-5,64.0,0.5,0.3999520716737776
3.7633910838287684e-5,64.0,0.5,0.39996177690095647
3.763132114244069e-5,64.0,0.5,0.39999998294149824
3.763103608849056e-5,64.0,0.5,0.39999999377606155
3.763078856990634e-5,64.0,0.5,0.39999999440197576
3.763044873568392e-5,64.0,0.5,0.3999999888606749
3.762997996364727e-5,64.0,0.5,0.3999999811123493
3.762936474339456e-5,64.0,0.5,0.3999999722370338
3.7628577966875964e-5,64.0,0.5,0.39999996260248466
3.762754288345225e-5,64.0,0.5,0.399999943172005
3.7626129601812824e-5,64.0,0.5,0.3999998960962653
3.762417348384448e-5,64.0,0.5,0.3999998053436454
3.7621473917368806e-5,64.0,0.5,0.399999630854
3.761776588500386e-5,64.0,0.5,0.3999993081242267
3.761276917625097e-5,64.0,0.5,0.3999988017698355
3.760637196527517e-5,64.0,0.5,0.3999983326458205
3.7598849897358445e-5,64.0,0.5,0.39999853695237714
3.75905823570295e-5,64.0,0.5,0.3999984147276416
3.7581867922374586e-5,64.0,0.5,0.39999824529197675
3.7571462171560195e-5,64.0,0.5,0.39999035633018304
3.756311023917187e-5,64.0,0.5,0.3999948682659807
3.755607610816197e-5,64.0,0.5,0.40000047950759743
3.755608161184507e-5,64.0,0.5,0.400000443995332
3.7556133770677116e-5,64.0,0.5,0.40000013218034497
3.7556163756549205e-5,64.0,0.5,0.3999999546299608
3.755042452681673e-5,64.0,0.5,0.3999989934884088
3.754517851236516e-5,64.0,0.5,0.39999888553434143
3.754049860655675e-5,64.0,0.5,0.39999891581217306
3.753649882430501e-5,64.0,0.5,0.3999992108351689
3.7532991252657206e-5,64.0,0.5,0.399999369642788
3.7529768455382795e-5,64.0,0.5,0.39999938967248033
3.7526749859985865e-5,64.0,0.5,0.3999994055091357
3.752387521410392e-5,64.0,0.5,0.3999992764543326
3.7521064237895285e-5,64.0,0.5,0.39999902052119934
3.751836738775468e-5,64.0,0.5,0.399998817720886
3.751586775815733e-5,64.0,0.5,0.39999887558701214
3.751354890024967e-5,64.0,0.5,0.39999898325589445
3.751136573580069e-5,64.0,0.5,0.39999901763196344
3.7509243242161937e-5,64.0,0.5,0.3999989930874847
3.7507128696193126e-5,64.0,0.5,0.3999989006956445
3.7505072072003856e-5,64.0,0.5,0.39999892097587525
3.750315629592328e-5,64.0,0.5,0.3999991446966813
3.750138880469e-5,64.0,0.5,0.3999993919796652
3.7499697324432316e-5,64.0,0.5,0.3999995150511419
3.7497987204602736e-5,64.0,0.5,0.39999955323302555
3.7496246546284597e-5,64.0,0.5,0.39999954459333836
3.722467234137804e-5,128.0,0.5,0.39966386927731146
3.722467232920413e-5,128.0,0.5,0.39966386950473676
3.7159692901948784e-5,256.0,0.5,0.39952630449011944
3.715969289415301e-5,256.0,0.5,0.39952630463334077
3.7141901102689105e-5,512.0,0.5,0.39949667154190066
3.714190109388385e-5,512.0,0.5,0.399496671685338
