1,1.0,0.5,319.78937060157614,0.39951435031639726,MAXEVAL_REACHED
2,2.0,0.5,262.4985655297438,0.3999943939088909,MAXEVAL_REACHED
3,4.0,0.5,222.3105598139714,0.39999752109042697,MAXEVAL_REACHED
4,8.0,0.5,186.3817939716547,0.3999961463121407,MAXEVAL_REACHED
5,16.0,0.5,172.07215656748252,0.39704603926893484,FTOL_REACHED
6,32.0,0.5,162.40543788329427,0.3999194289682854,MAXEVAL_REACHED
7,64.0,0.5,159.578623864981,0.39998339966905083,FTOL_REACHED
8,128.0,0.5,158.22129070505332,0.3999943643312727,MAXEVAL_REACHED
9,256.0,0.5,157.97825030529407,0.3999994784718853,MAXEVAL_REACHED
10,512.0,0.5,157.96918169681402,0.3999993752842613,FTOL_REACHED
1,1.0,0.5,6.992473494461785e-5,0.3999798022144168,MAXEVAL_REACHED
2,2.0,0.5,6.638728180201383e-5,0.3958906146838425,FTOL_REACHED
3,4.0,0.5,5.960973261421053e-5,0.38800070328343167,FTOL_REACHED
4,8.0,0.5,4.442110509441151e-5,0.39999870031770846,MAXEVAL_REACHED
5,16.0,0.5,4.0442752502908174e-5,0.399999226123954,MAXEVAL_REACHED
6,32.0,0.5,3.868525213539141e-5,0.39999889111708464,MAXEVAL_REACHED
7,64.0,0.5,3.7874511544159784e-5,0.3999994914960294,MAXEVAL_REACHED
8,128.0,0.5,3.758665592813137e-5,0.39981366335600027,FTOL_REACHED
9,256.0,0.5,3.751541192897285e-5,0.3997373839723065,FTOL_REACHED
10,512.0,0.5,3.7494348695116866e-5,0.39971879423658124,FTOL_REACHED
1,1.0,0.5,6.992473494461785e-5,0.3999798022144168,MAXEVAL_REACHED
2,2.0,0.5,6.638728180201383e-5,0.3958906146838425,FTOL_REACHED
3,4.0,0.5,5.960973261421053e-5,0.38800070328343167,FTOL_REACHED
4,8.0,0.5,4.442110509441151e-5,0.39999870031770846,MAXEVAL_REACHED
5,16.0,0.5,4.0442752502908174e-5,0.399999226123954,MAXEVAL_REACHED
6,32.0,0.5,3.868525213539141e-5,0.39999889111708464,MAXEVAL_REACHED
7,64.0,0.5,3.7874511544159784e-5,0.3999994914960294,MAXEVAL_REACHED
8,128.0,0.5,3.758665592813137e-5,0.39981366335600027,FTOL_REACHED
9,256.0,0.5,3.751541192897285e-5,0.3997373839723065,FTOL_REACHED
10,512.0,0.5,3.7494348695116866e-5,0.39971879423658124,FTOL_REACHED
1,1.0,0.5,6.992473494461785e-5,0.3999798022144168,MAXEVAL_REACHED
2,2.0,0.5,6.638728180201383e-5,0.3958906146838425,FTOL_REACHED
3,4.0,0.5,5.960973261421053e-5,0.38800070328343167,FTOL_REACHED
4,8.0,0.5,4.442110509441151e-5,0.39999870031770846,MAXEVAL_REACHED
5,16.0,0.5,4.0442752502908174e-5,0.399999226123954,MAXEVAL_REACHED
6,32.0,0.5,3.868525213539141e-5,0.39999889111708464,MAXEVAL_REACHED
7,64.0,0.5,3.7874511544159784e-5,0.3999994914960294,MAXEVAL_REACHED
8,128.0,0.5,3.758665592813137e-5,0.39981366335600027,FTOL_REACHED
9,256.0,0.5,3.751541192897285e-5,0.3997373839723065,FTOL_REACHED
10,512.0,0.5,3.7494348695116866e-5,0.39971879423658124,FTOL_REACHED
1,1.0,0.5,6.992473494461785e-5,0.3999798022144168,MAXEVAL_REACHED
2,2.0,0.5,6.638728180201383e-5,0.3958906146838425,FTOL_REACHED
3,4.0,0.5,5.960973261421053e-5,0.38800070328343167,FTOL_REACHED
4,8.0,0.5,4.442110509441151e-5,0.39999870031770846,MAXEVAL_REACHED
5,16.0,0.5,4.0442752502908174e-5,0.399999226123954,MAXEVAL_REACHED
6,32.0,0.5,3.868525213539141e-5,0.39999889111708464,MAXEVAL_REACHED
7,64.0,0.5,3.7874511544159784e-5,0.3999994914960294,MAXEVAL_REACHED
8,128.0,0.5,3.758665592813137e-5,0.39981366335600027,FTOL_REACHED
9,256.0,0.5,3.751541192897285e-5,0.3997373839723065,FTOL_REACHED
10,512.0,0.5,3.7494348695116866e-5,0.39971879423658124,FTOL_REACHED
1,1.0,0.5,6.992473494461785e-5,0.3999798022144168,MAXEVAL_REACHED
2,2.0,0.5,6.638728180201383e-5,0.3958906146838425,FTOL_REACHED
3,4.0,0.5,5.960973261421053e-5,0.38800070328343167,FTOL_REACHED
4,8.0,0.5,4.442110509441151e-5,0.39999870031770846,MAXEVAL_REACHED
5,16.0,0.5,4.0442752502908174e-5,0.399999226123954,MAXEVAL_REACHED
6,32.0,0.5,3.868525213539141e-5,0.39999889111708464,MAXEVAL_REACHED
7,64.0,0.5,3.7874511544159784e-5,0.3999994914960294,MAXEVAL_REACHED
8,128.0,0.5,3.758665592813137e-5,0.39981366335600027,FTOL_REACHED
9,256.0,0.5,3.751541192897285e-5,0.3997373839723065,FTOL_REACHED
10,512.0,0.5,3.7494348695116866e-5,0.39971879423658124,FTOL_REACHED
1,1.0,0.5,6.992473494461785e-5,0.3999798022144168,MAXEVAL_REACHED
2,2.0,0.5,6.638728180201383e-5,0.3958906146838425,FTOL_REACHED
3,4.0,0.5,5.960973261421053e-5,0.38800070328343167,FTOL_REACHED
4,8.0,0.5,4.442110509441151e-5,0.39999870031770846,MAXEVAL_REACHED
5,16.0,0.5,4.0442752502908174e-5,0.399999226123954,MAXEVAL_REACHED
6,32.0,0.5,3.868525213539141e-5,0.39999889111708464,MAXEVAL_REACHED
7,64.0,0.5,3.7874511544159784e-5,0.3999994914960294,MAXEVAL_REACHED
8,128.0,0.5,3.758665592813137e-5,0.39981366335600027,FTOL_REACHED
9,256.0,0.5,3.751541192897285e-5,0.3997373839723065,FTOL_REACHED
10,512.0,0.5,3.7494348695116866e-5,0.39971879423658124,FTOL_REACHED
1,1.0,0.5,6.91540367366207e-5,0.3999793966867876,MAXEVAL_REACHED
2,2.0,0.5,6.56530504623101e-5,0.39586079537818314,FTOL_REACHED
3,4.0,0.5,5.8977608818458966e-5,0.3878260158830642,FTOL_REACHED
4,8.0,0.5,4.390846507723932e-5,0.3999987532925942,MAXEVAL_REACHED
5,16.0,0.5,4.0020167037830914e-5,0.39999914319706154,MAXEVAL_REACHED
6,32.0,0.5,3.829537093453412e-5,0.39999954565545337,MAXEVAL_REACHED
7,64.0,0.5,3.7496246546284597e-5,0.39999954459333836,MAXEVAL_REACHED
8,128.0,0.5,3.722467232920413e-5,0.39966386950473676,FTOL_REACHED
9,256.0,0.5,3.715969289415301e-5,0.39952630463334077,FTOL_REACHED
10,512.0,0.5,3.714190109388385e-5,0.399496671685338,FTOL_REACHED
