127.21194783629326,1.0,0.5,0.39216155139542064
119.58297292583401,1.0,0.5,0.396343911998353
115.38581268408814,1.0,0.5,0.3981601339898846
112.82084181012422,1.0,0.5,0.3988112450571159
106.2130167903079,1.0,0.5,0.39480396307194104
98.86956745083171,1.0,0.5,0.3964618580242288
94.39251425390547,1.0,0.5,0.3979751556447559
90.23463415054778,1.0,0.5,0.39678257961349234
87.8504619830355,1.0,0.5,0.39980858627761484
87.58114251590607,1.0,0.5,0.3998878096492204
87.4111216472418,1.0,0.5,0.39995076494104037
87.29523812256485,1.0,0.5,0.3999546464463581
87.17601468563754,1.0,0.5,0.3999527619888245
87.04694747186133,1.0,0.5,0.39994815653776633
86.90484104080289,1.0,0.5,0.3999427964008213
86.74774051395474,1.0,0.5,0.3999366334133348
86.57334822112969,1.0,0.5,0.3999294853129067
86.37857450682739,1.0,0.5,0.39992105129777644
86.15945190941832,1.0,0.5,0.399910624597136
85.91596405548373,1.0,0.5,0.3998965910243619
85.75928004505178,1.0,0.5,0.3998597106991672
88.38063856726262,1.0,0.5,0.3994846563760013
88.38056907251672,1.0,0.5,0.3994847118841016
88.3798746483227,1.0,0.5,0.3994852662933274
88.37712624844335,1.0,0.5,0.39948505418011754
88.34581318570517,1.0,0.5,0.39948856153602547
88.04537075344375,1.0,0.5,0.3995226036906323
86.44993347459813,1.0,0.5,0.3997384378127449
85.48690510759522,1.0,0.5,0.39997639681717523
85.26439053051135,1.0,0.5,0.3999242250145419
84.97925599019143,1.0,0.5,0.3998571252934367
85.52542875081366,1.0,0.5,0.39978704815783916
85.45645011019911,1.0,0.5,0.3997984874624337
85.11573795300953,1.0,0.5,0.399864186317735
84.79177190367494,1.0,0.5,0.3999773951335619
84.65011780292828,1.0,0.5,0.3999002267190368
84.6919504997195,1.0,0.5,0.3998562099299318
84.44143541966191,1.0,0.5,0.39996952803504443
84.22437391713282,1.0,0.5,0.39991128827630046
84.04191744316974,1.0,0.5,0.3998343998114613
84.56388289688113,1.0,0.5,0.3997213270867957
83.74308842785041,1.0,0.5,0.39995447739938567
83.62853922834545,1.0,0.5,0.39998891477399484
83.44605894268358,1.0,0.5,0.3999296753171759
83.2721132859167,1.0,0.5,0.3999007858427465
83.30890707297304,1.0,0.5,0.3999099332804375
83.15490039248778,1.0,0.5,0.39998275287350377
83.09374084866003,1.0,0.5,0.39998884702659715
83.00496395034884,1.0,0.5,0.39994710021876173
82.95070974933854,1.0,0.5,0.3999259206410328
96.0978419958477,2.0,0.5,0.38275295568230644
87.62486225467566,2.0,0.5,0.39363393725801493
84.10454740102128,2.0,0.5,0.39857771081631616
83.17589965557144,2.0,0.5,0.399811396723692
82.6857684757035,2.0,0.5,0.3995408389265724
82.2552936576365,2.0,0.5,0.39985554763743353
82.04050069990672,2.0,0.5,0.3998734638944488
81.93872211828474,2.0,0.5,0.39998646098814244
81.9035563579054,2.0,0.5,0.3999844020596151
81.86803588653085,2.0,0.5,0.39998568286901853
81.83372220151031,2.0,0.5,0.39998560859901516
81.79998244357353,2.0,0.5,0.3999865200768487
81.765070864054,2.0,0.5,0.39998490775609935
81.72444580777845,2.0,0.5,0.3999823113290551
81.67627960930884,2.0,0.5,0.3999790121667332
81.62586913367616,2.0,0.5,0.3999789836686076
81.56953724675579,2.0,0.5,0.3999755754171151
81.5030929701378,2.0,0.5,0.3999709767551078
81.42662426209216,2.0,0.5,0.39996724885974627
81.33772122597955,2.0,0.5,0.3999611558680352
81.24127577653434,2.0,0.5,0.3999586747181052
81.13311394133228,2.0,0.5,0.39995284588600916
81.01803242265828,2.0,0.5,0.399945208513054
81.13572516480977,2.0,0.5,0.3999411048595569
81.13572444792345,2.0,0.5,0.3999411057187227
81.13571727936183,2.0,0.5,0.39994111430995166
81.13564562370802,2.0,0.5,0.3999412001794212
81.13550411101903,2.0,0.5,0.39994113133881076
81.1335422144343,2.0,0.5,0.3999413743302765
81.11604455593493,2.0,0.5,0.3999435883433216
81.01700612689777,2.0,0.5,0.3999583545495216
80.98521417555207,2.0,0.5,0.39996444475874043
80.86304837397773,2.0,0.5,0.3999938568238306
80.8468548335187,2.0,0.5,0.39998956000563446
80.84678936389602,2.0,0.5,0.3999884522592059
80.79770108236279,2.0,0.5,0.39999672087222954
80.7672867334414,2.0,0.5,0.39998889484640743
80.74370952345572,2.0,0.5,0.3999879554366567
80.79864940780917,2.0,0.5,0.3999828548469495
80.72498305870171,2.0,0.5,0.3999962908284263
80.71385202481261,2.0,0.5,0.39999895418219517
80.69718412778438,2.0,0.5,0.39999355658959085
80.6817639824892,2.0,0.5,0.3999897985219823
80.72876683259531,2.0,0.5,0.3999858646459027
80.66395567983594,2.0,0.5,0.39999815023794855
80.65821304875199,2.0,0.5,0.39999945344501864
80.64640495009391,2.0,0.5,0.399995398787979
80.63179675307418,2.0,0.5,0.39999267742495964
80.6469664155243,2.0,0.5,0.39998977902863286
80.64300461975103,2.0,0.5,0.39999046716207043
126.82316078480454,4.0,0.5,0.3552160746846651
98.54900688094872,4.0,0.5,0.3782993004447042
86.00312198507939,4.0,0.5,0.3923233323190305
81.2628683963266,4.0,0.5,0.398284047288669
79.92155462982367,4.0,0.5,0.39947573426993904
78.50463789596434,4.0,0.5,0.3984708496499239
77.43350154364333,4.0,0.5,0.3998334854520033
77.22293242602554,4.0,0.5,0.3998834196765902
77.11762791383472,4.0,0.5,0.39997977942533564
77.06438346279188,4.0,0.5,0.3999754224168846
77.00713282812308,4.0,0.5,0.39997479172764044
76.9572553730653,4.0,0.5,0.39997807469079133
76.90556496016981,4.0,0.5,0.39997566087008324
76.84840024827292,4.0,0.5,0.39997342014598886
76.79008020523682,4.0,0.5,0.3999739080042648
76.73227393664143,4.0,0.5,0.3999731317625623
76.67055918505278,4.0,0.5,0.3999710625278241
76.61357698518053,4.0,0.5,0.39997387733433976
76.6134203929424,4.0,0.5,0.3999882843794004
76.91885658867562,4.0,0.5,0.3999829294736048
76.91885661951841,4.0,0.5,0.39998292243893574
76.91885688209095,4.0,0.5,0.39998285218726437
76.91885867046054,4.0,0.5,0.39998215205320126
76.91475690404428,4.0,0.5,0.3999830478856296
76.88134044225606,4.0,0.5,0.3999840335587533
76.70500959155329,4.0,0.5,0.3999902538060101
76.57142875911137,4.0,0.5,0.39999879349816353
76.55801877930034,4.0,0.5,0.3999946881669916
76.54615620317577,4.0,0.5,0.3999944335805672
76.53643004543545,4.0,0.5,0.39999312423748706
76.54375659163674,4.0,0.5,0.3999908368268848
76.53132335186996,4.0,0.5,0.3999934808740384
76.5140481207268,4.0,0.5,0.3999971709163192
76.50760700640313,4.0,0.5,0.3999988960299988
76.4968714209914,4.0,0.5,0.3999947766475778
76.4815466196288,4.0,0.5,0.39999231025210236
76.47183264342085,4.0,0.5,0.39999127624448844
76.62837322268767,4.0,0.5,0.3999945363236838
76.5768612606997,4.0,0.5,0.3999934784347359
76.46724945626539,4.0,0.5,0.3999961511928944
76.44688515308648,4.0,0.5,0.3999992854547105
76.44495508521797,4.0,0.5,0.39999984770338975
76.4391793803137,4.0,0.5,0.39999790214092207
76.43109023719185,4.0,0.5,0.3999955334104914
76.4667474945254,4.0,0.5,0.39999537297956905
76.45871774321935,4.0,0.5,0.3999956796148016
76.43336744610748,4.0,0.5,0.3999971987443933
76.42497668893645,4.0,0.5,0.39999919969964015
76.42134817440723,4.0,0.5,0.3999990860992851
76.42265433676425,4.0,0.5,0.39999682007941084
169.25264940885347,8.0,0.5,0.33127591945419554
96.68384083662116,8.0,0.5,0.36425616087518525
74.87439429367441,8.0,0.5,0.38928433368527565
69.21346730463824,8.0,0.5,0.39840603090320176
68.22687841109371,8.0,0.5,0.3997226077652379
67.77809168684067,8.0,0.5,0.3994441213481834
67.45367087051626,8.0,0.5,0.3999622541484981
67.32690774206509,8.0,0.5,0.3999262462006257
67.18994467066281,8.0,0.5,0.39992664473474454
67.064843505702,8.0,0.5,0.3999349094362719
66.96047576128225,8.0,0.5,0.3999403410291371
66.89182101662783,8.0,0.5,0.399949258747233
66.90235472969854,8.0,0.5,0.3999440049800808
66.90216210190674,8.0,0.5,0.3999440658543323
66.9002369040488,8.0,0.5,0.39994474042854633
66.88398374401949,8.0,0.5,0.3999506353883993
66.82896717775019,8.0,0.5,0.3999603689940974
66.75645799465546,8.0,0.5,0.3999918238563754
66.72494334178447,8.0,0.5,0.3999835091072513
66.68850520545291,8.0,0.5,0.399978957400336
66.65409589990331,8.0,0.5,0.3999784294862944
66.66215693352707,8.0,0.5,0.39998139466037497
66.66197209321498,8.0,0.5,0.3999814340869339
66.6602325267273,8.0,0.5,0.39998184709168544
66.64884308478037,8.0,0.5,0.399984932833011
66.629015954397,8.0,0.5,0.399994253217611
66.59129526492208,8.0,0.5,0.399998525844109
66.57195273414212,8.0,0.5,0.3999908549307219
66.54720492183753,8.0,0.5,0.3999844458760182
66.56206348461784,8.0,0.5,0.3999898433021565
66.55901111913329,8.0,0.5,0.39999046279853084
66.5441847648694,8.0,0.5,0.3999943715258622
66.55001122001312,8.0,0.5,0.4000087154736594
66.51157489098212,8.0,0.5,0.4000015254388987
66.51159701288377,8.0,0.5,0.4000014770840942
66.51181752037444,8.0,0.5,0.4000009952671539
66.5121205749636,8.0,0.5,0.4000003826867917
66.51237859630518,8.0,0.5,0.3999998553910556
66.49611794174706,8.0,0.5,0.3999946124636307
66.48485524607192,8.0,0.5,0.39999114284980775
66.5527466665334,8.0,0.5,0.4000111379307117
66.48316374017185,8.0,0.5,0.4000023530521643
66.47551207392726,8.0,0.5,0.40000019622615923
66.47566303915681,8.0,0.5,0.39999996432049517
66.46777258923257,8.0,0.5,0.39999683905563127
66.4620718641253,8.0,0.5,0.3999936327066567
66.57212989166096,8.0,0.5,0.4000189003429176
66.44935055343528,8.0,0.5,0.4000006104365976
66.44900424040951,8.0,0.5,0.39999990480036257
66.44238430178224,8.0,0.5,0.3999977408845357
128.00239866389782,16.0,0.5,0.33006984803552114
67.88749540889859,16.0,0.5,0.3563930344055242
51.69556052112853,16.0,0.5,0.39714749849349934
50.73057414402608,16.0,0.5,0.3998677127790762
50.52835836344413,16.0,0.5,0.39982760232517595
50.39428520570911,16.0,0.5,0.39990044492281296
50.3443189244838,16.0,0.5,0.39993555206150483
50.43156757290323,16.0,0.5,0.399922138633596
50.3957797051383,16.0,0.5,0.39993173470562876
50.2908758814759,16.0,0.5,0.3999688503965248
50.25145809266763,16.0,0.5,0.3999919493761053
50.22017793133821,16.0,0.5,0.39997337595726995
50.18192454829928,16.0,0.5,0.3999653393547668
50.156150157161235,16.0,0.5,0.3999625083674277
50.29744394957743,16.0,0.5,0.39996904687617785
50.24081087209564,16.0,0.5,0.399973686590847
50.12306186699632,16.0,0.5,0.3999904718579661
50.098012079093735,16.0,0.5,0.39999560312643506
50.071133663331864,16.0,0.5,0.3999778064739583
50.05141874776673,16.0,0.5,0.39997036576937856
50.17760698381804,16.0,0.5,0.39999709867377625
50.02151538057673,16.0,0.5,0.3999974843470979
50.006340537514504,16.0,0.5,0.3999985738699765
49.990098439822674,16.0,0.5,0.3999886091675389
49.98592700681731,16.0,0.5,0.3999838957195397
50.27603260343905,16.0,0.5,0.40005815114096777
49.96749677003052,16.0,0.5,0.4000053985834629
49.95548731774825,16.0,0.5,0.40000129703006904
49.95555453673954,16.0,0.5,0.4000010865878975
49.95579562184167,16.0,0.5,0.4000003889299158
49.95597483886853,16.0,0.5,0.3999998701555885
49.94048335399711,16.0,0.5,0.3999897513862612
49.91522706571264,16.0,0.5,0.39997661797296846
50.11036639675148,16.0,0.5,0.4000500691565447
50.08471616349043,16.0,0.5,0.40004575596016534
49.98027252319433,16.0,0.5,0.4000230048684785
49.903405996678806,16.0,0.5,0.4000007465192857
49.90203211663285,16.0,0.5,0.39999966332215314
49.89948046450789,16.0,0.5,0.3999962646491
49.92346236257494,16.0,0.5,0.40001384822839287
49.889755740698966,16.0,0.5,0.4000006572093615
49.88999659683969,16.0,0.5,0.39999988203576464
49.88265970242011,16.0,0.5,0.3999968194231219
49.8683018895165,16.0,0.5,0.399986362774247
50.220019342141484,16.0,0.5,0.40009223324139215
50.15870342755264,16.0,0.5,0.40007765775765636
49.943789673317895,16.0,0.5,0.40002399237490943
49.85925903046416,16.0,0.5,0.40000015008949147
49.85928476070778,16.0,0.5,0.3999999330814616
49.85051802101504,16.0,0.5,0.3999962959431067
67.20468454359347,32.0,0.5,0.3428265336029354
68.55385115150662,32.0,0.5,0.34409019885799363
67.30852649922467,32.0,0.5,0.34504574400996396
57.52775426962811,32.0,0.5,0.3535848068638334
34.67575391155945,32.0,0.5,0.38971764233452294
32.70029213690828,32.0,0.5,0.39992463490626523
32.529041033676606,32.0,0.5,0.39985327618783284
32.38497697580986,32.0,0.5,0.399950991320377
32.28817131788719,32.0,0.5,0.3999745398986701
32.19730208231515,32.0,0.5,0.3998875259835129
32.439379775785525,32.0,0.5,0.3998209007374778
32.21032463309318,32.0,0.5,0.3999075034666157
32.13116259877095,32.0,0.5,0.3999797217123348
32.07374275414786,32.0,0.5,0.3999389570352459
32.141501969180204,32.0,0.5,0.3999383142070518
32.0394925452077,32.0,0.5,0.3999920776919439
32.01773717571137,32.0,0.5,0.39997469167395433
31.981805113916096,32.0,0.5,0.3999403800407517
31.94384050636168,32.0,0.5,0.39993740694783714
32.0401654324508,32.0,0.5,0.3999466428720026
32.038685560466746,32.0,0.5,0.3999472758353877
32.025491216625554,32.0,0.5,0.39995269788492943
31.963877252776975,32.0,0.5,0.39997409962525005
31.919641071684808,32.0,0.5,0.3999937438915027
31.908920873354596,32.0,0.5,0.399993886322956
31.89971564705815,32.0,0.5,0.39999787399648884
31.879520299407744,32.0,0.5,0.39997230128346817
31.875792731968325,32.0,0.5,0.39996153512579946
32.44953895125135,32.0,0.5,0.39999954189930503
31.863729989249627,32.0,0.5,0.3999815822473313
31.831609078670382,32.0,0.5,0.4000002294543837
31.83147796776117,32.0,0.5,0.40000003547171836
31.831482712028233,32.0,0.5,0.400000009715737
31.82687993974489,32.0,0.5,0.3999992909399867
31.815073217485498,32.0,0.5,0.39998862821506403
32.05036176843325,32.0,0.5,0.3999980123153224
31.896384386729803,32.0,0.5,0.3999917645596775
31.804632130616675,32.0,0.5,0.3999982458407032
31.79975766468583,32.0,0.5,0.39999971527725803
31.779768262948714,32.0,0.5,0.39998090451394613
31.740454124916383,32.0,0.5,0.39993295866042894
32.58725557003082,32.0,0.5,0.40019893437349024
32.48994291999807,32.0,0.5,0.40017780978595124
32.075872183570446,32.0,0.5,0.40007981464601666
31.734434271786988,32.0,0.5,0.4000045782278465
31.720866307263396,32.0,0.5,0.4000004616244735
31.720967121421985,32.0,0.5,0.399999939063796
31.70440795993112,32.0,0.5,0.39998738112442017
32.235509192458686,32.0,0.5,0.40009528622485685
31.863791253826474,32.0,0.5,0.4000357247006791
29.232803147580285,64.0,0.5,0.37526238585219684
108.76096508354394,64.0,0.5,0.3206504514054189
99.42958902356708,64.0,0.5,0.3235134727322306
53.29824487484785,64.0,0.5,0.3464630264812354
22.04632736787162,64.0,0.5,0.3948900419408039
21.331047339953365,64.0,0.5,0.39986635387673236
21.640166086812293,64.0,0.5,0.39911841755619143
21.09609462870783,64.0,0.5,0.3998509029976481
21.031620560522512,64.0,0.5,0.3998690781115253
21.001511342841,64.0,0.5,0.3999407380701811
20.963927478868648,64.0,0.5,0.3999595828848881
20.946889956165727,64.0,0.5,0.39999535675057385
20.926245277821295,64.0,0.5,0.39993226346762745
21.033716275484625,64.0,0.5,0.39975369093633134
20.942288731144657,64.0,0.5,0.39989474390511787
20.90665173257338,64.0,0.5,0.39998385219555704
20.893715405336952,64.0,0.5,0.3999821274686816
20.875112241354756,64.0,0.5,0.3999029710918946
20.974796388450905,64.0,0.5,0.39976983826366325
20.842742582738012,64.0,0.5,0.39997886679931627
20.811067658953913,64.0,0.5,0.39992781795836274
20.783252350077316,64.0,0.5,0.39987093634979254
21.16362415521929,64.0,0.5,0.39979156004490773
20.761035439420493,64.0,0.5,0.3999615326519039
20.74286448337081,64.0,0.5,0.3999961359264954
20.723957348187184,64.0,0.5,0.3999507581265442
20.863055221574598,64.0,0.5,0.3998680449800635
20.759606489932917,64.0,0.5,0.3999464682886704
20.71165957396053,64.0,0.5,0.3999959934541344
20.717568124595832,64.0,0.5,0.39993123947074416
20.701310452290375,64.0,0.5,0.3999849767088712
20.775356708865097,64.0,0.5,0.39988924230378214
20.68711147354416,64.0,0.5,0.39998604500209695
20.674434092380835,64.0,0.5,0.3999790491138349
20.661661008434837,64.0,0.5,0.3999941578828566
20.650006395627763,64.0,0.5,0.39991804700847156
20.76537005305393,64.0,0.5,0.39989675184380236
20.620823280996703,64.0,0.5,0.39999253033815374
20.612437153391188,64.0,0.5,0.39999595784369796
20.58440160126347,64.0,0.5,0.3999472289074107
20.614714255069345,64.0,0.5,0.3998139636620617
20.56977376801649,64.0,0.5,0.3999089454223781
20.679545046881167,64.0,0.5,0.3998403521625086
20.53422599544355,64.0,0.5,0.3999863178674273
20.52641552415462,64.0,0.5,0.39999760046191324
20.4921490525112,64.0,0.5,0.39994668828925845
20.504123323064206,64.0,0.5,0.399747766339525
20.46978179512032,64.0,0.5,0.39990104687647227
20.72565534629436,64.0,0.5,0.3997028942415453
20.43330275609506,64.0,0.5,0.39998447159360606
16.654329851040604,128.0,0.5,0.40492536992504363
26.47381694114286,128.0,0.5,0.3532090863251293
502.9727705755003,128.0,0.5,0.31358564411531054
364.71009518268994,128.0,0.5,0.32007364578548053
20.145715169664584,128.0,0.5,0.3673679958472984
16.66871129376381,128.0,0.5,0.39991400744314065
16.65286945835595,128.0,0.5,0.3999983053466895
16.576131048969984,128.0,0.5,0.3999300756019806
16.480995370782026,128.0,0.5,0.39954485721213046
16.404055738493362,128.0,0.5,0.3990494036277867
17.47386882419788,128.0,0.5,0.39695668768708736
16.363617086531036,128.0,0.5,0.3997738212613508
16.307874511596445,128.0,0.5,0.39994016966687607
16.230978283768792,128.0,0.5,0.3999165851943442
16.85395393260704,128.0,0.5,0.3976296030401965
16.397808276916884,128.0,0.5,0.3992118472630038
16.207859318950774,128.0,0.5,0.3999419462357008
16.186099012854655,128.0,0.5,0.3999913580555066
16.1722504782306,128.0,0.5,0.39998238613553644
16.191648057534135,128.0,0.5,0.40014712633190214
16.145096326355382,128.0,0.5,0.40000607976150265
16.14509303788084,128.0,0.5,0.40000614757924097
16.145145267880256,128.0,0.5,0.40000535109843804
16.14556060291683,128.0,0.5,0.39999925122445346
16.737446837425445,128.0,0.5,0.3991132171465072
16.170221769022454,128.0,0.5,0.3998765448733985
16.13007029135585,128.0,0.5,0.39998243304139836
16.120389633169665,128.0,0.5,0.39999948053134554
16.08232881614059,128.0,0.5,0.399927657830708
16.108204744467592,128.0,0.5,0.39989796194508437
16.046602067573865,128.0,0.5,0.4000149277979357
16.046612556303145,128.0,0.5,0.4000147864443675
16.04671704393216,128.0,0.5,0.40001338309617035
16.04773156683069,128.0,0.5,0.40000016924664633
16.04785434085357,128.0,0.5,0.399998623410641
16.815855970301026,128.0,0.5,0.40310095397822465
16.156317713308077,128.0,0.5,0.40049741794047783
16.034171843155345,128.0,0.5,0.39999886885829034
16.04072967271601,128.0,0.5,0.3998768547793428
16.0229327261599,128.0,0.5,0.3999723772838391
16.02362703746583,128.0,0.5,0.4000080453959772
16.013371215461316,128.0,0.5,0.3999990808598535
15.996589943493316,128.0,0.5,0.3999698874879485
17.165363306440252,128.0,0.5,0.40176767629777804
16.250476742578158,128.0,0.5,0.4005634578873009
15.989151887915973,128.0,0.5,0.4000144724586543
15.988578414485016,128.0,0.5,0.3999990456907389
15.972912232345816,128.0,0.5,0.3999648527861468
16.110880689777197,128.0,0.5,0.40036762103943047
15.988382713223698,128.0,0.5,0.4000682543520098
13.979104789493325,256.0,0.5,0.3986764505058428
72.00572230538573,256.0,0.5,0.37089202221446116
29.573191541395204,256.0,0.5,0.38594312499384004
14.127445535708212,256.0,0.5,0.40485752986351825
13.863150719962173,256.0,0.5,0.40009202426699636
13.869171454815927,256.0,0.5,0.3999443491378846
13.838657564096158,256.0,0.5,0.40029837187322986
13.834651790846237,256.0,0.5,0.39997632457637766
14.030904518458467,256.0,0.5,0.403464246938613
13.833763693840321,256.0,0.5,0.4000935806966531
13.828341125724473,256.0,0.5,0.3999847884375967
13.862480746494779,256.0,0.5,0.4007480764572599
13.823903427218998,256.0,0.5,0.40001168962187417
13.824281397381245,256.0,0.5,0.39999688722861215
13.83077178786371,256.0,0.5,0.40046116138004256
13.821287527424776,256.0,0.5,0.3999834711976033
13.90614833821414,256.0,0.5,0.40105124019952343
13.82085939018992,256.0,0.5,0.4000501348372141
13.819251566576089,256.0,0.5,0.3999985357355363
13.820330682654706,256.0,0.5,0.4001177507718409
13.817523656508596,256.0,0.5,0.39999449890484534
13.89012902419627,256.0,0.5,0.4008715475200541
13.817642365827979,256.0,0.5,0.40004938040286514
13.816241415702585,256.0,0.5,0.3999992345997571
13.815072907791873,256.0,0.5,0.39999704906742933
13.851277150541723,256.0,0.5,0.4008671771463179
13.811541093357208,256.0,0.5,0.4000171112249477
13.81209087087694,256.0,0.5,0.39999748418835873
13.814299190203762,256.0,0.5,0.4000490352000861
13.81146728678995,256.0,0.5,0.39999973920183507
13.813773813183488,256.0,0.5,0.4000906624579423
13.810936732668214,256.0,0.5,0.39999984963628604
13.810612723348987,256.0,0.5,0.4000113120802005
13.81045916807089,256.0,0.5,0.399999633728564
13.809542476102028,256.0,0.5,0.39998236827857814
13.812657798952728,256.0,0.5,0.4001038165400445
13.808584856578051,256.0,0.5,0.39999971219514857
13.807705759109908,256.0,0.5,0.39998657846200253
13.829617576191486,256.0,0.5,0.4003396731632294
13.80928682265096,256.0,0.5,0.40004275244316106
13.807234604237372,256.0,0.5,0.40000065024507253
13.807244023977177,256.0,0.5,0.39999985485811435
13.80721481584908,256.0,0.5,0.4000262976558801
13.80683588085681,256.0,0.5,0.4000007641577152
13.806856524456567,256.0,0.5,0.3999996789999914
13.814436509472182,256.0,0.5,0.4001740280850415
13.806165217102329,256.0,0.5,0.4000011834650061
13.806208542768111,256.0,0.5,0.39999934840183987
13.80716910490184,256.0,0.5,0.4001187003145161
13.805004870671638,256.0,0.5,0.399997932060447
13.367461969333206,512.0,0.5,0.388096177578044
363.04017498215694,512.0,0.5,0.3394775366994461
15.594184800745342,512.0,0.5,0.39910507967131403
13.211641894267991,512.0,0.5,0.4028988378843024
13.234211722191018,512.0,0.5,0.40091595225653043
13.245039279962533,512.0,0.5,0.4001605229582769
13.24807517487381,512.0,0.5,0.3999497475830805
13.692548687559082,512.0,0.5,0.3992774362120533
13.220443006064638,512.0,0.5,0.4010359015127161
13.229529639657168,512.0,0.5,0.4000788210567295
13.23128501568912,512.0,0.5,0.3999565627927997
13.23561628636498,512.0,0.5,0.39880830152131197
13.224439441192583,512.0,0.5,0.3998018515907249
13.139592178620559,512.0,0.5,0.4267713125887083
13.234004999896367,512.0,0.5,0.4044123774778781
13.220843779386293,512.0,0.5,0.3999368994823838
13.21913319754566,512.0,0.5,0.39995269960938157
13.217812493517053,512.0,0.5,0.39998220444483007
13.219063593624554,512.0,0.5,0.39960333619301386
13.21613042526809,512.0,0.5,0.399931916431923
13.214362972104155,512.0,0.5,0.40001562503481636
13.21456705070894,512.0,0.5,0.39999736805919867
13.27379226320478,512.0,0.5,0.4001958044410768
13.214049309827168,512.0,0.5,0.400019272427496
13.21385382907295,512.0,0.5,0.40000208757380834
13.21389203305279,512.0,0.5,0.39999932497498997
13.216091279658741,512.0,0.5,0.400607679786706
13.213127915845837,512.0,0.5,0.39999483538320924
13.223889878796681,512.0,0.5,0.399989132301644
13.21202331959141,512.0,0.5,0.39998453569025877
13.21055860691537,512.0,0.5,0.40003368633193026
13.21091157306886,512.0,0.5,0.39999642916192063
13.211840477012336,512.0,0.5,0.3998611631714402
13.209651496564852,512.0,0.5,0.3999568905202726
13.208122731646107,512.0,0.5,0.4000519403698401
13.208008902680326,512.0,0.5,0.39999418815416116
13.20986444638865,512.0,0.5,0.39992493112017186
13.206331624132883,512.0,0.5,0.39997125803364675
13.205065250792291,512.0,0.5,0.4001706063647948
13.204447146544274,512.0,0.5,0.40000945655259823
13.204577531706754,512.0,0.5,0.39999676260187483
13.210989465318766,512.0,0.5,0.39990478781685024
13.203032726843471,512.0,0.5,0.3999774099454972
13.201296774398042,512.0,0.5,0.400103167391277
13.201309178009401,512.0,0.5,0.40000631999029834
13.201406758524042,512.0,0.5,0.39999704295464783
13.210971829983746,512.0,0.5,0.399881094701932
13.199886277656898,512.0,0.5,0.39998042973208353
13.232106936339001,512.0,0.5,0.408917692058223
13.19776218212284,512.0,0.5,0.4001683040101795
